{"cameraMode":{"drawMode":0,"name":"Shaded","section":"Shading Mode"},"sceneLighting":false,"audioPlay":false,"sceneViewState":{"m_AlwaysRefresh":false,"showFog":true,"showSkybox":false,"showFlares":true,"showImageEffects":true,"showParticleSystems":true,"showVisualEffectGraphs":true,"m_FxEnabled":true},"in2DMode":false,"pivot":{"x":-2.0899999141693117,"y":-0.5400000214576721,"z":0.7999999523162842},"rotation":{"x":0.17960242927074433,"y":-0.6867731213569641,"z":0.1812272071838379,"w":0.6806204319000244},"size":1.9321606159210206,"orthographic":false}