{"cameraMode":{"drawMode":0,"name":"Shaded","section":"Shading Mode"},"sceneLighting":false,"audioPlay":false,"sceneViewState":{"m_AlwaysRefresh":false,"showFog":true,"showSkybox":false,"showFlares":true,"showImageEffects":true,"showParticleSystems":true,"showVisualEffectGraphs":true,"m_FxEnabled":true},"in2DMode":false,"pivot":{"x":-1.4806323051452637,"y":0.8963338136672974,"z":1.0860366821289063},"rotation":{"x":0.27103543281555178,"y":-0.6526163816452026,"z":0.2705579698085785,"w":0.6537938714027405},"size":3.9043638706207277,"orthographic":false}